time,mc energy,min energy
1,500,9.99852312000001
51,500,9.909060448000618
101,500,9.819677776001226
